sequence,send_time_sec,send_time_nanosec,receive_time_sec,receive_time_nanosec,send_steady_ns,receive_steady_ns,latency_ms
10,1790848605,814291249,1790848606,275914277,13437665180478,13438126803525,461.623047
11,1790848605,864373510,1790848606,276077792,13437715263670,13438126966689,411.703019
12,1790848605,914596799,1790848606,276097550,13437765487875,13438126986433,361.498558
13,1790848605,964587961,1790848606,276123804,13437815478534,13438127012686,311.534152
14,1790848606,14700368,1790848606,276165118,13437865590698,13438127054015,261.463317
15,1790848606,64871003,1790848606,276184298,13437915761898,13438127073196,211.311298
16,1790848606,114954208,1790848606,276200164,13437965843709,13438127089047,161.245338
17,1790848606,164982792,1790848606,276213895,13438015872353,13438127102777,111.230424
18,1790848606,215242137,1790848606,276228456,13438066131729,13438127117341,60.985612
19,1790848606,265293846,1790848606,276243533,13438116183431,13438127132418,10.948987
21,1790848606,365458751,1790848606,816694245,13438216349454,13438667583253,451.233799
23,1790848606,465804791,1790848606,917078204,13438316695423,13438767967199,451.271776
24,1790848606,515867897,1790848606,927607035,13438366757596,13438778495993,411.738397
25,1790848606,565837581,1790848606,927727703,13438416727178,13438778616589,361.889411
26,1790848606,616147316,1790848606,927747443,13438467036863,13438778636312,311.599449
27,1790848606,666132789,1790848606,927771645,13438517022344,13438778660527,261.638183
28,1790848606,716183445,1790848606,927841322,13438567072964,13438778730206,211.657242
29,1790848606,766462881,1790848606,927868284,13438617353585,13438778757161,161.403576
30,1790848606,816505188,1790848606,927892654,13438667394655,13438778781532,111.386877
31,1790848606,866554475,1790848606,927910906,13438717444244,13438778799787,61.355543
32,1790848606,916753824,1790848606,927978958,13438767643848,13438778867858,11.224010
33,1790848606,966816032,1790848606,967041890,13438817705562,13438817930951,0.225389
34,1790848607,17006685,1790848607,17205323,13438867896612,13438868094401,0.197789
35,1790848607,67281427,1790848607,67807524,13438918171955,13438918697045,0.525090
36,1790848607,117186120,1790848607,117443434,13438968075909,13438968332694,0.256785
37,1790848607,167296176,1790848607,580080436,13439018185916,13439430970067,412.784151
38,1790848607,217536360,1790848607,580410820,13439068425833,13439431299882,362.874049
39,1790848607,267590753,1790848607,580525019,13439118480104,13439431414040,312.933936
40,1790848607,317737455,1790848607,580589056,13439168627229,13439431478047,262.850818
41,1790848607,367845026,1790848607,580660402,13439218734887,13439431549386,212.814499
42,1790848607,417953700,1790848607,580710295,13439268843410,13439431599277,162.755867
43,1790848607,468123734,1790848607,580754876,13439319015094,13439431643859,112.628765
44,1790848607,518221111,1790848607,580805640,13439369112081,13439431694624,62.582543
45,1790848607,568379632,1790848607,580859783,13439419270050,13439431748766,12.478716
46,1790848607,618356540,1790848607,679558042,13439469246100,13439530447485,61.201385
47,1790848607,668475417,1790848607,684960686,13439519365460,13439535849696,16.484236
48,1790848607,718581702,1790848608,81281764,13439569472196,13439932171296,362.699100
49,1790848607,768924535,1790848608,81515505,13439619814796,13439932404475,312.589679
50,1790848607,818799547,1790848608,81556563,13439669689524,13439932445496,262.755972
51,1790848607,869069065,1790848608,81587948,13439719958787,13439932476882,212.518095
52,1790848607,919146041,1790848608,81627599,13439770036078,13439932516536,162.480458
53,1790848607,969218600,1790848608,81660069,13439820108487,13439932549005,112.440518
54,1790848608,19396261,1790848608,81692249,13439870286952,13439932581182,62.294230
55,1790848608,69589386,1790848608,81723451,13439920480487,13439932612384,12.131897
56,1790848608,119551297,1790848608,119766664,13439970441250,13439970655706,0.214456
57,1790848608,169721108,1790848608,169911255,13440020610627,13440020800252,0.189625
58,1790848608,219716246,1790848608,219913565,13440070605556,13440070802622,0.197066
60,1790848608,320223550,1790848608,771300120,13440171114018,13440622189165,451.075147
61,1790848608,370243929,1790848608,771418374,13440221133559,13440622307268,401.173709
62,1790848608,420340235,1790848608,771437906,13440271229808,13440622326788,351.096980
63,1790848608,470454911,1790848608,771452504,13440321344545,13440622341386,300.996841
64,1790848608,520553563,1790848608,771466483,13440371443087,13440622355363,250.912276
65,1790848608,570703159,1790848608,771487500,13440421592893,13440622376382,200.783489
66,1790848608,620854171,1790848608,771503359,13440471744967,13440622392235,150.647268
67,1790848608,670903781,1790848608,771514674,13440521793437,13440622403550,100.610113
68,1790848608,721061246,1790848608,781856587,13440571951299,13440632745721,60.794422
69,1790848608,771057396,1790848608,781998950,13440621947373,13440632887884,10.940511
70,1790848608,821282936,1790848608,821534304,13440672172885,13440672423509,0.250624
71,1790848608,871411621,1790848608,871909303,13440722302138,13440722798989,0.496851
72,1790848608,921607939,1790848608,922102851,13440772498199,13440772992413,0.494214
73,1790848608,971632710,1790848609,183841051,13440822522926,13441034730611,212.207685
74,1790848609,21819767,1790848609,184163695,13440872709661,13441035052738,162.343077
75,1790848609,71870462,1790848609,184301392,13440922760071,13441035190407,112.430336
76,1790848609,122084847,1790848609,184430414,13440972974419,13441035319425,62.345006
77,1790848609,172144168,1790848609,184483886,13441023034692,13441035372853,12.338161
78,1790848609,222282386,1790848609,222574308,13441073172284,13441073463565,0.291281
79,1790848609,272429793,1790848609,433499377,13441123319760,13441284388479,161.068719
80,1790848609,322581561,1790848609,433648155,13441173471125,13441284537081,111.065956
81,1790848609,372605463,1790848609,433676739,13441223495284,13441284565644,61.070360
82,1790848609,422717885,1790848609,433702655,13441273607998,13441284591560,10.983562
83,1790848609,472941513,1790848609,934595695,13441323832837,13441785484673,461.651836
84,1790848609,523079839,1790848609,934688334,13441373970606,13441785577217,411.606611
85,1790848609,573082846,1790848609,934700308,13441423973335,13441785589176,361.615841
86,1790848609,623375646,1790848609,934710549,13441474266319,13441785599417,311.333098
87,1790848609,673340532,1790848609,934729092,13441524230038,13441785617960,261.387922
88,1790848609,723574779,1790848609,934738429,13441574465262,13441785627296,211.162034
89,1790848609,773684525,1790848609,934747160,13441624575621,13441785636027,161.060406
90,1790848609,823694899,1790848609,934762130,13441674584657,13441785650997,111.066340
91,1790848609,873900199,1790848609,934792853,13441724790358,13441785681737,60.891379
92,1790848609,924003438,1790848609,934805015,13441774893005,13441785693900,10.800895
93,1790848609,974190687,1790848609,974417108,13441825080313,13441825306208,0.225895
94,1790848610,24237270,1790848610,24491324,13441875127050,13441875380404,0.253354
95,1790848610,74366369,1790848610,74680427,13441925256608,13441925569510,0.312902
96,1790848610,124490798,1790848610,436092841,13441975381921,13442286981938,311.600017
97,1790848610,174746955,1790848610,436216692,13442025637096,13442287105595,261.468499
98,1790848610,224759988,1790848610,436238213,13442075649363,13442287127100,211.477737
99,1790848610,274910026,1790848610,436255196,13442125800312,13442287144082,161.343770
100,1790848610,324932914,1790848610,436270948,13442175822694,13442287159835,111.337141
101,1790848610,375202642,1790848610,436285688,13442226093352,13442287174587,61.081235
102,1790848610,425259776,1790848610,436301666,13442276149470,13442287190553,11.041083
103,1790848610,475436341,1790848610,475826985,13442326326378,13442326716633,0.390255
104,1790848610,525518033,1790848610,525869152,13442376407932,13442376758335,0.350403
105,1790848610,575651630,1790848610,576190081,13442426542445,13442427079476,0.537031
106,1790848610,625799162,1790848610,626195595,13442476689340,13442477084987,0.395647
107,1790848610,675797933,1790848610,676535235,13442526687692,13442527424466,0.736774
108,1790848610,726101738,1790848610,726674678,13442576992124,13442577564272,0.572148
109,1790848610,776112638,1790848610,776629954,13442627003363,13442627519515,0.516152
110,1790848610,826315801,1790848610,826578537,13442677205528,13442677467684,0.262156
111,1790848610,876360416,1790848611,88548928,13442727250181,13442939438403,212.188222
112,1790848610,926522741,1790848611,88855241,13442777413213,13442939744277,162.331064
113,1790848610,976525720,1790848611,88993284,13442827415238,13442939882323,112.467085
114,1790848611,26804521,1790848611,89294902,13442877694807,13442940183958,62.489151
115,1790848611,76936338,1790848611,89428433,13442927827232,13442940317446,12.490214
116,1790848611,127031886,1790848611,127531061,13442977922681,13442978420418,0.497737
117,1790848611,177231717,1790848611,325534371,13443028121867,13443176424320,148.302453
118,1790848611,227334539,1790848611,325945663,13443078226172,13443176834734,98.608562
119,1790848611,277388209,1790848611,326119423,13443128279185,13443177008502,48.729317
120,1790848611,327452995,1790848611,790070056,13443178343387,13443640959334,462.615947
121,1790848611,377608154,1790848611,790250441,13443228497649,13443641139369,412.641720
122,1790848611,427792619,1790848611,790330714,13443278682537,13443641219658,362.537121
123,1790848611,477865972,1790848611,790359312,13443328756625,13443641248221,312.491596
124,1790848611,528098599,1790848611,790381571,13443378989144,13443641270478,262.281334
125,1790848611,578149054,1790848611,790402813,13443429038760,13443641291723,212.252963
126,1790848611,628448816,1790848611,790424058,13443479339124,13443641312965,161.973841
127,1790848611,678560038,1790848611,790447475,13443529450522,13443641336381,111.885859
128,1790848611,728552161,1790848611,790471492,13443579442404,13443641360399,61.917995
129,1790848611,778681969,1790848611,790495691,13443629572491,13443641384599,11.812108
130,1790848611,828812284,1790848611,829286777,13443679702313,13443680176300,0.473987
131,1790848611,879024099,1790848611,879527647,13443729914436,13443730417219,0.502783
132,1790848611,929094213,1790848612,340619596,13443779985246,13444191508589,411.523343
133,1790848611,979341635,1790848612,340715228,13443830232632,13444191604109,361.371477
134,1790848612,29378350,1790848612,340742452,13443880269170,13444191631335,311.362165
135,1790848612,79419054,1790848612,340777317,13443930309833,13444191666199,261.356366
136,1790848612,129619622,1790848612,340802112,13443980509955,13444191690995,211.181040
137,1790848612,179646464,1790848612,340818702,13444030536303,13444191707579,161.171276
138,1790848612,229715978,1790848612,340843226,13444080605554,13444191732110,111.126556
139,1790848612,279961617,1790848612,340867519,13444130852754,13444191756402,60.903648
140,1790848612,330021513,1790848612,340884620,13444180911010,13444191773487,10.862477
141,1790848612,380237722,1790848612,380658990,13444231128515,13444231548505,0.419990
142,1790848612,430357519,1790848612,431030014,13444281247637,13444281919604,0.671967
143,1790848612,480443490,1790848612,943521326,13444331334104,13444794410978,463.076874
144,1790848612,530460508,1790848612,948297428,13444381350636,13444799186449,417.835813
145,1790848612,580911256,1790848612,948427116,13444431801287,13444799316062,367.514775
146,1790848612,630858130,1790848612,948466002,13444481748621,13444799354927,317.606306
147,1790848612,680953340,1790848612,948748702,13444531843867,13444799637863,267.793996
148,1790848612,731236370,1790848612,948935956,13444582126710,13444799824917,217.698207
149,1790848612,781291845,1790848612,949024723,13444632182462,13444799913683,167.731221
150,1790848612,831354869,1790848612,949061746,13444682244846,13444799950677,117.705831
151,1790848612,881476063,1790848612,949102558,13444732366674,13444799991521,67.624847
152,1790848612,931732597,1790848612,949213117,13444782622996,13444800102083,17.479087
153,1790848612,981708260,1790848612,982130922,13444832599028,13444833020473,0.421445
154,1790848613,31837739,1790848613,32085566,13444882727430,13444882974683,0.247253
155,1790848613,81935184,1790848613,444288239,13444932826074,13445295177384,362.351310
156,1790848613,132105089,1790848613,444422326,13444982995674,13445295311222,312.315548
157,1790848613,182447363,1790848613,444443762,13445033337882,13445295332645,261.994763
158,1790848613,232467662,1790848613,444475075,13445083358122,13445295363973,212.005851
159,1790848613,282511820,1790848613,444520170,13445133401894,13445295409068,162.007174
160,1790848613,332705518,1790848613,444539334,13445183595268,13445295428216,111.832948
161,1790848613,382698359,1790848613,444577118,13445233589260,13445295466017,61.876757
162,1790848613,432993368,1790848613,444597105,13445283885409,13445295486003,11.600594
164,1790848613,533215296,1790848613,984821858,13445384105760,13445835711380,451.605620
165,1790848613,583218955,1790848613,985100430,13445434109561,13445835989437,401.879876
166,1790848613,633346268,1790848613,985294427,13445484236897,13445836183442,351.946545
167,1790848613,683566585,1790848613,985366525,13445534457800,13445836255494,301.797694
168,1790848613,733589122,1790848614,195644660,13445584478403,13446046533647,462.055244
169,1790848613,783731521,1790848614,195738944,13445634622535,13446046627829,412.005294
170,1790848613,833945746,1790848614,195751969,13445684836208,13446046640837,361.804629
171,1790848613,884087696,1790848614,195777648,13445734977816,13446046666525,311.688709
172,1790848613,934239404,1790848614,195794930,13445785130484,13446046683799,261.553315
173,1790848613,984247083,1790848614,195804730,13445835137629,13446046693598,211.555969
174,1790848614,34460257,1790848614,195813759,13445885350612,13446046702627,161.352015
175,1790848614,84700414,1790848614,195823444,13445935591193,13446046712318,111.121125
176,1790848614,134663777,1790848614,195848158,13445985554236,13446046737042,61.182806
177,1790848614,184757544,1790848614,195859510,13446035647915,13446046748386,11.100471
178,1790848614,234975151,1790848614,235180172,13446085864699,13446086069168,0.204469
179,1790848614,285081579,1790848614,285432054,13446135971886,13446136321411,0.349525
180,1790848614,335208840,1790848614,335545510,13446186098699,13446186434755,0.336056
181,1790848614,385345220,1790848614,385936920,13446236236021,13446236826316,0.590295
182,1790848614,435454249,1790848614,697757810,13446286344135,13446548647284,262.303149
183,1790848614,485642818,1790848614,698074012,13446336533765,13446548963028,212.429263
184,1790848614,535691545,1790848614,698206594,13446386582234,13446549095612,162.513378
185,1790848614,585865215,1790848614,698285021,13446436755576,13446549173984,112.418408
186,1790848614,636171624,1790848614,698340448,13446487062072,13446549229420,62.167348
187,1790848614,686279521,1790848614,698387645,13446537169860,13446549276612,12.106752
188,1790848614,736281746,1790848614,736764019,13446587172418,13446587653610,0.481192
189,1790848614,786520440,1790848614,787032549,13446637411463,13446637922093,0.510630
190,1790848614,836521142,1790848614,836932044,13446687411253,13446687821499,0.410246
191,1790848614,886679083,1790848614,887204966,13446737569193,13446738094416,0.525223
192,1790848614,936743258,1790848614,937276242,13446787633785,13446788165756,0.531971
193,1790848614,987212997,1790848614,987818339,13446838104264,13446838708079,0.603815
194,1790848615,37034225,1790848615,500166631,13446887925945,13447351056432,463.130487
195,1790848615,87218575,1790848615,500524547,13446938109174,13447351413629,413.304455
196,1790848615,137332553,1790848615,500609399,13446988223513,13447351498423,363.274910
197,1790848615,187439370,1790848615,500781596,13447038330007,13447351670682,313.340675
198,1790848615,237485453,1790848615,500874202,13447088376603,13447351763336,263.386733
199,1790848615,287754931,1790848615,500960317,13447138646303,13447351849438,213.203135
200,1790848615,337730517,1790848615,501022127,13447188621003,13447351911143,163.290140
201,1790848615,388020063,1790848615,501082402,13447238910654,13447351971418,113.060764
202,1790848615,438121722,1790848615,501285910,13447289012581,13447352175000,63.162419
203,1790848615,488237719,1790848615,501390838,13447339129073,13447352279923,13.150850
204,1790848615,538342778,1790848615,538788201,13447389232971,13447389677831,0.444860
205,1790848615,588503895,1790848615,588934596,13447439393951,13447439824061,0.430110
206,1790848615,638580716,1790848615,639157899,13447489471390,13447490047498,0.576108
207,1790848615,688710360,1790848615,689038204,13447539600172,13447539927482,0.327310
208,1790848615,738816799,1790848615,739292656,13447589707997,13447590182109,0.474112
209,1790848615,789060746,1790848615,789258082,13447639950318,13447640147140,0.196822
210,1790848615,839078879,1790848616,545432,13447689969496,13447851434578,161.465082
211,1790848615,889352156,1790848616,721793,13447740242227,13447851610744,111.368517
212,1790848615,939374883,1790848616,823185,13447790265583,13447851712124,61.446541
213,1790848615,989534131,1790848616,852094,13447840424100,13447851741000,11.316900
214,1790848616,39713682,1790848616,40171242,13447890603743,13447891060910,0.457167
215,1790848616,90128282,1790848616,90867464,13447941019079,13447941757583,0.738504
216,1790848616,139975003,1790848616,140466309,13447990865429,13447991355654,0.490225
217,1790848616,190130472,1790848616,190650089,13448041020578,13448041539041,0.518463
218,1790848616,240183269,1790848616,302984086,13448091072468,13448153873622,62.801154
219,1790848616,290329512,1790848616,303375689,13448141220691,13448154264737,13.044046
220,1790848616,340621392,1790848616,341450449,13448191512722,13448192340001,0.827279
221,1790848616,390606321,1790848616,853456799,13448241497147,13448704346322,462.849175
222,1790848616,440910976,1790848616,853699910,13448291801346,13448704588914,412.787568
223,1790848616,491002088,1790848616,853764281,13448341892430,13448704653279,362.760849
224,1790848616,541049501,1790848616,853859104,13448391940132,13448704748124,312.807992
225,1790848616,591126394,1790848616,853984462,13448442016720,13448704873440,262.856720
226,1790848616,641254285,1790848616,854029241,13448492144422,13448704918181,212.773759
227,1790848616,691529049,1790848616,854064573,13448542419322,13448704953514,162.534192
228,1790848616,741600909,1790848616,854099642,13448592491449,13448704988590,112.497141
229,1790848616,791691912,1790848616,854133605,13448642582230,13448705022548,62.440318
230,1790848616,841839778,1790848616,854183489,13448692730139,13448705072429,12.342290
231,1790848616,891876477,1790848616,892051687,13448742765952,13448742940692,0.174740
232,1790848616,942035704,1790848616,942286694,13448792925936,13448793176087,0.250151
233,1790848616,992044997,1790848616,992269095,13448842934520,13448843158070,0.223550
234,1790848617,42368588,1790848617,42598869,13448893257994,13448893487937,0.229943
235,1790848617,92346647,1790848617,92928445,13448943238105,13448943818021,0.579916
236,1790848617,142525986,1790848617,143045388,13448993417277,13448993934941,0.517664
237,1790848617,192702209,1790848617,193042542,13449043592151,13449043931904,0.339753
238,1790848617,242787583,1790848617,243016023,13449093677023,13449093905076,0.228053
239,1790848617,292943343,1790848617,293216657,13449143832899,13449144105725,0.272826
240,1790848617,343084422,1790848617,804674585,13449193974103,13449655563569,461.589466
241,1790848617,393209535,1790848617,804742835,13449244098990,13449655631712,411.532722
242,1790848617,443325250,1790848617,804770630,13449294214687,13449655659507,361.444820
243,1790848617,493532322,1790848617,804781625,13449344422651,13449655670492,311.247841
244,1790848617,543646970,1790848617,804791747,13449394537216,13449655680616,261.143400
245,1790848617,593797692,1790848617,804800269,13449444688836,13449655689138,211.000302
246,1790848617,643952768,1790848617,804809465,13449494843617,13449655698333,160.854716
247,1790848617,693934962,1790848617,804840907,13449544824721,13449655729786,110.905065
248,1790848617,744223464,1790848617,804853589,13449595114697,13449655742457,60.627760
249,1790848617,794240704,1790848617,804863852,13449645130691,13449655752720,10.622029
250,1790848617,844450556,1790848617,844787003,13449695340906,13449695676208,0.335302
251,1790848617,894475471,1790848617,894864291,13449745365638,13449745753638,0.388000
252,1790848617,944603607,1790848617,944965307,13449795493661,13449795854633,0.360972
253,1790848617,994769096,1790848617,995279461,13449845659681,13449846168913,0.509232
254,1790848618,45033498,1790848618,306308948,13449895924131,13450157198045,261.273914
255,1790848618,95140594,1790848618,306419389,13449946030048,13450157308286,211.278238
256,1790848618,145216816,1790848618,306439875,13449996107872,13450157328757,161.220885
257,1790848618,195259073,1790848618,306483785,13450046148538,13450157372683,111.224145
258,1790848618,245630995,1790848618,306500942,13450096521210,13450157389824,60.868614
259,1790848618,295653160,1790848618,306515920,13450146542919,13450157404802,10.861883
260,1790848618,345927280,1790848618,507499525,13450196818073,13450358389123,161.571050
261,1790848618,395923771,1790848618,507769272,13450246814817,13450358658288,111.843471
262,1790848618,446117874,1790848618,507898105,13450297008334,13450358787120,61.778786
263,1790848618,496194825,1790848618,507952713,13450347084892,13450358841684,11.756792
264,1790848618,546271290,1790848618,546782176,13450397161649,13450397672090,0.510441
265,1790848618,596505693,1790848618,596941390,13450447396058,13450447830742,0.434684
266,1790848618,646614895,1790848618,646924346,13450497505280,13450497813698,0.308418
267,1790848618,696631661,1790848618,696813537,13450547521225,13450547702622,0.181397
268,1790848618,746913706,1790848618,747557089,13450597804903,13450598446681,0.641778
269,1790848618,796879737,1790848618,797070706,13450647773004,13450647959794,0.186790
270,1790848618,847053010,1790848618,847529738,13450697944161,13450698419269,0.475108
271,1790848618,897279598,1790848619,359857585,13450748170439,13451210747121,462.576682
272,1790848618,947332507,1790848619,360142380,13450798223098,13451211031394,412.808296
273,1790848618,997535412,1790848619,360207395,13450848425654,13451211096396,362.670742
274,1790848619,47797740,1790848619,360258357,13450898688737,13451211147324,312.458587
275,1790848619,97761756,1790848619,360306448,13450948652376,13451211195420,262.543044
276,1790848619,147932720,1790848619,360351527,13450998823933,13451211240494,212.416561
277,1790848619,198055764,1790848619,360403229,13451048947503,13451211292195,162.344692
278,1790848619,248193641,1790848619,360471599,13451099083660,13451211360568,112.276908
279,1790848619,298293595,1790848619,360911164,13451149184273,13451211800177,62.615904
280,1790848619,348426182,1790848619,361033272,13451199316671,13451211922287,12.605616
281,1790848619,398498819,1790848619,860031901,13451249388989,13451710920867,461.531878
282,1790848619,448605317,1790848619,860105785,13451299495327,13451710994661,411.499334
283,1790848619,498634238,1790848619,860117984,13451349524362,13451711006851,361.482489
284,1790848619,548972887,1790848619,860142679,13451399863300,13451711031558,311.168258
285,1790848619,598977978,1790848619,860154265,13451449868626,13451711043132,261.174506
286,1790848619,649078953,1790848619,860163892,13451499969462,13451711052760,211.083298
287,1790848619,699154223,1790848619,860172268,13451550043732,13451711061134,161.017402
288,1790848619,749371804,1790848619,860181412,13451600262942,13451711070279,110.807337
289,1790848619,799460881,1790848619,860190651,13451650352175,13451711079518,60.727343
290,1790848619,849474569,1790848619,860200040,13451700364237,13451711088907,10.724670
291,1790848619,899641081,1790848620,362254285,13451750531325,13452213143781,462.612456
292,1790848619,949907802,1790848620,362542409,13451800798922,13452213431421,412.632499
293,1790848619,999856232,1790848620,362675525,13451850746850,13452213564540,362.817690
294,1790848620,49990003,1790848620,362801908,13451900879637,13452213690923,312.811286
295,1790848620,100111762,1790848620,362852242,13451951001587,13452213741212,262.739625
296,1790848620,150417255,1790848620,362894347,13452001307660,13452213783313,212.475653
297,1790848620,200485990,1790848620,362937850,13452051376000,13452213826818,162.450818
298,1790848620,250414399,1790848620,362982638,13452101304074,13452213871646,112.567572
299,1790848620,300566875,1790848620,363027460,13452151456506,13452213916437,62.459931
300,1790848620,350752108,1790848620,363093283,13452201642471,13452213982252,12.339781
301,1790848620,400861803,1790848620,864225204,13452251752897,13452715114674,463.361777
302,1790848620,451014810,1790848620,864532953,13452301905316,13452715421963,413.516647
303,1790848620,501044572,1790848620,864666843,13452351934986,13452715555855,363.620869
304,1790848620,551085600,1790848620,864717012,13452401974738,13452715605979,313.631241
305,1790848620,601286679,1790848620,864775421,13452452176671,13452715664387,263.487716
306,1790848620,651455369,1790848620,864821130,13452502346157,13452715710101,213.363944
307,1790848620,701658126,1790848620,864864851,13452552548507,13452715753825,163.205318
308,1790848620,751700782,1790848620,864926696,13452602591128,13452715815665,113.224537
309,1790848620,801758835,1790848620,864968144,13452652648590,13452715857116,63.208526
310,1790848620,852122036,1790848620,865009818,13452703012193,13452715898824,12.886631
311,1790848620,901979318,1790848620,902202168,13452752868903,13452753091198,0.222295
312,1790848620,952115089,1790848620,952628957,13452803005717,13452803518573,0.512856
313,1790848621,2282937,1790848621,2821793,13452853173185,13452853711147,0.537962
314,1790848621,52311149,1790848621,365047847,13452903201973,13453215937842,312.735869
315,1790848621,102429658,1790848621,365433105,13452953319515,13453216322114,263.002599
316,1790848621,152643652,1790848621,365493433,13453003534927,13453216382400,212.847473
317,1790848621,202697653,1790848621,365567319,13453053587913,13453216456322,162.868409
318,1790848621,252734227,1790848621,365691302,13453103624625,13453216580328,112.955703
319,1790848621,302947532,1790848621,365746802,13453153838422,13453216635822,62.797400
320,1790848621,353060090,1790848621,365865996,13453203950325,13453216755016,12.804691
321,1790848621,403196938,1790848621,404306768,13453254087145,13453255196201,1.109056
322,1790848621,453261264,1790848621,453431484,13453304150828,13453304320535,0.169707
323,1790848621,503428583,1790848621,504160789,13453354318757,13453355050217,0.731460
324,1790848621,553550217,1790848621,554087415,13453404440695,13453404977049,0.536354
325,1790848621,603552731,1790848621,603771475,13453454442286,13453454660575,0.218289
326,1790848621,653707621,1790848621,654076297,13453504597566,13453504965469,0.367903
327,1790848621,703849101,1790848622,15174528,13453554739140,13453866063496,311.324356
328,1790848621,753851221,1790848622,15270965,13453604740809,13453866159864,261.419055
329,1790848621,804114651,1790848622,15284241,13453655005620,13453866173109,211.167489
330,1790848621,854212129,1790848622,15294318,13453705102253,13453866183185,161.080932
331,1790848621,904511835,1790848622,15309658,13453755401213,13453866198526,110.797313
332,1790848621,954389997,1790848622,15319064,13453805279726,13453866207931,60.928205
333,1790848622,4530248,1790848622,15328158,13453855419985,13453866217027,10.797042
334,1790848622,54741649,1790848622,266410665,13453905632689,13454117300205,211.667516
335,1790848622,104786777,1790848622,266683205,13453955676448,13454117572193,161.895745
336,1790848622,154857088,1790848622,266735002,13454005747638,13454117623952,111.876314
337,1790848622,205069542,1790848622,266836558,13454055960144,13454117725547,61.765403
338,1790848622,255148260,1790848622,266884214,13454106038297,13454117773168,11.734871
339,1790848622,305337626,1790848622,305870459,13454156229475,13454156760227,0.530752
340,1790848622,355437077,1790848622,356020485,13454206328241,13454206910289,0.582048
341,1790848622,405538096,1790848622,406108807,13454256428839,13454256998471,0.569632
342,1790848622,455594311,1790848622,567600225,13454306485154,13454418489826,112.004672
343,1790848622,505683782,1790848622,567885991,13454356573286,13454418775001,62.201715
344,1790848622,555825594,1790848622,567946324,13454406717143,13454418835294,12.118151
345,1790848622,605873658,1790848622,968755217,13454456763189,13454819644952,362.881763
346,1790848622,656164653,1790848622,969262216,13454507055461,13454820151440,313.095979
347,1790848622,706081362,1790848622,974408946,13454556971068,13454825298022,268.326954
348,1790848622,756496219,1790848622,974501565,13454607387488,13454825390584,218.003096
349,1790848622,806492524,1790848622,974658556,13454657383750,13454825547638,168.163888
350,1790848622,856617632,1790848622,974848071,13454707508844,13454825737168,118.228324
351,1790848622,906702868,1790848622,974924537,13454757593591,13454825813551,68.219960
352,1790848622,956842947,1790848622,974988744,13454807733644,13454825877757,18.144113
353,1790848623,7030774,1790848623,69025108,13454857921184,13454919914569,61.993385
354,1790848623,57082004,1790848623,69550678,13454907972281,13454920439677,12.467396
355,1790848623,107176857,1790848623,326124465,13454958068018,13455177013833,218.945815
356,1790848623,157291445,1790848623,326418615,13455008182035,13455177307627,169.125592
357,1790848623,207335386,1790848623,326477396,13455058225605,13455177366366,119.140761
358,1790848623,257454133,1790848623,326544966,13455108343588,13455177433934,69.090346
359,1790848623,307660935,1790848623,326595701,13455158552236,13455177484704,18.932468
360,1790848623,357838558,1790848623,569691073,13455208728531,13455420580429,211.851898
361,1790848623,407795647,1790848623,569983570,13455258685478,13455420872592,162.187114
362,1790848623,457989880,1790848623,570044622,13455308880699,13455420933593,112.052894
363,1790848623,508132862,1790848623,570176428,13455359024445,13455421065457,62.041012
364,1790848623,558340090,1790848623,570229443,13455409230559,13455421118411,11.887852
365,1790848623,608369782,1790848623,608910435,13455459260584,13455459799983,0.539399
366,1790848623,658479807,1790848623,658947357,13455509370076,13455509836662,0.466586
367,1790848623,708563267,1790848623,709003915,13455559453568,13455559893358,0.439790
368,1790848623,758788524,1790848623,759382118,13455609678687,13455610271661,0.592974
369,1790848623,808809092,1790848623,809403454,13455659699760,13455660293149,0.593389
370,1790848623,859128393,1790848623,859850026,13455710019898,13455710739696,0.719798
371,1790848623,908907258,1790848623,909055533,13455759796735,13455759944570,0.147835
373,1790848624,9343868,1790848624,460927013,13455860234296,13456311816629,451.582333
374,1790848624,59380401,1790848624,461294130,13455910271149,13456312183181,401.912032
375,1790848624,109558932,1790848624,461361345,13455960449580,13456312250318,351.800738
376,1790848624,159634966,1790848624,471698887,13456010525748,13456322588401,312.062653
377,1790848624,209713789,1790848624,471922576,13456060604092,13456322811596,262.207504
378,1790848624,259799720,1790848624,472053741,13456110689302,13456322942839,212.253537
379,1790848624,310037321,1790848624,472107125,13456160928016,13456322996089,162.068073
380,1790848624,360134257,1790848624,472152787,13456211024582,13456323041763,112.017181
381,1790848624,410235128,1790848624,472195139,13456261125873,13456323084108,61.958235
382,1790848624,460368475,1790848624,472243474,13456311258609,13456323132446,11.873837
383,1790848624,510513228,1790848624,511080738,13456361404268,13456361970235,0.565967
384,1790848624,560580174,1790848624,561033451,13456411470506,13456411922735,0.452229
385,1790848624,610844719,1790848624,611540268,13456461734679,13456462429973,0.695294
386,1790848624,660978535,1790848625,123938957,13456511868717,13456974828762,462.960045
387,1790848624,710988429,1790848625,124281922,13456561878403,13456975170935,413.292532
388,1790848624,761069580,1790848625,124340521,13456611959678,13456975229490,363.269812
389,1790848624,811191928,1790848625,124383288,13456662082159,13456975272289,313.190130
390,1790848624,861281843,1790848625,124427845,13456712172117,13456975316815,263.144698
391,1790848624,911482092,1790848625,124554112,13456762372041,13456975443158,213.071117
392,1790848624,961542573,1790848625,124613392,13456812432986,13456975502363,163.069377
393,1790848625,11830429,1790848625,124730211,13456862721032,13456975619257,112.898225
394,1790848625,61816505,1790848625,124783827,13456912707176,13456975672794,62.965618
395,1790848625,111885472,1790848625,124830072,13456962776306,13456975719040,12.942734
396,1790848625,162099908,1790848625,624853482,13457012990364,13457475742923,462.752559
397,1790848625,212145125,1790848625,625220066,13457063035587,13457476109082,413.073495
398,1790848625,262168401,1790848625,625291260,13457113058010,13457476180230,363.122220
399,1790848625,312334899,1790848625,625341514,13457163224477,13457476230484,313.006007
400,1790848625,362550904,1790848625,625381836,13457213441708,13457476270805,262.829097
401,1790848625,412616826,1790848625,625422032,13457263507528,13457476311004,212.803476
402,1790848625,462631517,1790848625,625468745,13457313521938,13457476357712,162.835774
403,1790848625,512980729,1790848625,625512908,13457363871501,13457476401880,112.530379
404,1790848625,563203682,1790848625,625558090,13457414093919,13457476447063,62.353144
405,1790848625,613193119,1790848625,625606075,13457464083018,13457476495045,12.412027
406,1790848625,663273178,1790848626,124820235,13457514163962,13457975709258,461.545296
407,1790848625,713288377,1790848626,124916431,13457564178971,13457975805309,411.626338
408,1790848625,763311271,1790848626,124929619,13457614201112,13457975818486,361.617374
409,1790848625,813656569,1790848626,124954730,13457664546827,13457975843607,311.296780
410,1790848625,863831691,1790848626,124973965,13457714722746,13457975862833,261.140087
411,1790848625,913734448,1790848626,124999821,13457764624094,13457975888699,211.264605
412,1790848625,963758793,1790848626,125013832,13457814648292,13457975902712,161.254420
413,1790848626,14105645,1790848626,125023915,13457864996563,13457975912783,110.916220
414,1790848626,64168922,1790848626,125033877,13457915060340,13457975922746,60.862406
415,1790848626,114205072,1790848626,125043405,13457965094540,13457975932272,10.837732
416,1790848626,164427247,1790848626,164976966,13458015318442,13458015866598,0.548156
417,1790848626,214511082,1790848626,326475388,13458065400798,13458177365115,111.964317
418,1790848626,264608387,1790848626,326828361,13458115498407,13458177717456,62.219049
419,1790848626,314715091,1790848626,326912198,13458165606050,13458177801217,12.195167
420,1790848626,364936657,1790848626,365640965,13458215827372,13458216531271,0.703899
421,1790848626,415069313,1790848626,415550967,13458265959704,13458266440454,0.480750
422,1790848626,465217891,1790848626,465693732,13458316108106,13458316583178,0.475072
423,1790848626,515199847,1790848626,515663231,13458366089939,13458366552594,0.462655
424,1790848626,565334429,1790848626,565900534,13458416225041,13458416790230,0.565189
425,1790848626,615442114,1790848626,615883815,13458466332415,13458466773267,0.440852
426,1790848626,665501272,1790848626,727269754,13458516390860,13458578159170,61.768310
427,1790848626,715769129,1790848626,727523982,13458566659407,13458578412972,11.753565
428,1790848626,766016656,1790848626,766538550,13458616907858,13458617428792,0.520934
429,1790848626,816036920,1790848626,816535219,13458666927447,13458667424893,0.497446
430,1790848626,866167591,1790848627,127333802,13458717058655,13458978222790,261.164135
431,1790848626,916087533,1790848627,127435001,13458766978091,13458978323877,211.345786
432,1790848626,966316184,1790848627,127448297,13458817206048,13458978337164,161.131116
433,1790848627,16451234,1790848627,127457154,13458867341631,13458978346021,111.004390
434,1790848627,66492443,1790848627,127467169,13458917382121,13458978356036,60.973915
435,1790848627,116694511,1790848627,127476867,13458967583949,13458978365735,10.781786
436,1790848627,166755512,1790848627,167257235,13459017646005,13459018146779,0.500774
437,1790848627,216806846,1790848627,217381530,13459067697413,13459068270880,0.573467
438,1790848627,266905626,1790848627,267520601,13459117796345,13459118410226,0.613881
439,1790848627,316948977,1790848627,317463576,13459167839660,13459168352840,0.513180
440,1790848627,367139406,1790848627,367362871,13459218028900,13459218251951,0.223051
441,1790848627,416913481,1790848627,417561385,13459267803658,13459268450798,0.647140
442,1790848627,466988627,1790848627,467614523,13459317878825,13459318504109,0.625284
443,1790848627,516967424,1790848627,517227654,13459367857191,13459368116828,0.259637
444,1790848627,567005805,1790848627,828916195,13459417896977,13459679806587,261.909610
445,1790848627,617037649,1790848627,829662348,13459467928270,13459680551449,212.623179
446,1790848627,667016596,1790848627,829826556,13459517906154,13459680715584,162.809430
447,1790848627,717091234,1790848627,829905720,13459567980769,13459680794720,112.813951
448,1790848627,767228406,1790848627,830028320,13459618119342,13459680917334,62.797992
449,1790848627,817490817,1790848627,830083379,13459668380886,13459680972345,12.591459
450,1790848627,867114687,1790848628,130063370,13459718005021,13459980953749,262.948728
451,1790848627,917226181,1790848628,135508507,13459768116327,13459986397628,218.281301
452,1790848627,967133231,1790848628,135778336,13459818022741,13459986667375,168.644634
453,1790848628,17191645,1790848628,135926215,13459868081641,13459986815251,118.733610
454,1790848628,67293050,1790848628,135981513,13459918183623,13459986870490,68.686867
455,1790848628,117360370,1790848628,136035659,13459968251638,13459986924620,18.672982
456,1790848628,167337419,1790848628,167902368,13460018228282,13460018792207,0.563925
457,1790848628,217265778,1790848628,217589651,13460068155658,13460068478716,0.323058
458,1790848628,267377129,1790848628,328992317,13460118268767,13460179881892,61.613125
459,1790848628,317346825,1790848628,329410562,13460168237029,13460180299604,12.062575
460,1790848628,367431181,1790848628,367999070,13460218321750,13460218888957,0.567207
461,1790848628,417356209,1790848628,417528687,13460268245910,13460268417814,0.171904
462,1790848628,467483157,1790848628,468249204,13460318373806,13460319138784,0.764978
463,1790848628,517495747,1790848628,518109638,13460368387291,13460368999242,0.611951
464,1790848628,567421856,1790848628,728624825,13460418311415,13460579513810,161.202395
465,1790848628,617456171,1790848628,728717044,13460468346113,13460579605927,111.259814
466,1790848628,667498505,1790848628,728730352,13460518388148,13460579619219,61.231071
467,1790848628,717520199,1790848628,728739781,13460568409986,13460579628649,11.218663
468,1790848628,767557665,1790848628,767953795,13460618447880,13460618843206,0.395326
469,1790848628,817790979,1790848628,818219665,13460668681336,13460669109094,0.427758
470,1790848628,867761567,1790848628,868408056,13460718651724,13460719297656,0.645932
471,1790848628,917619765,1790848628,917874918,13460768509582,13460768764194,0.254612
472,1790848628,967731789,1790848628,968391608,13460818622601,13460819281526,0.658925
473,1790848629,17769327,1790848629,18178124,13460868658807,13460869067206,0.408399
474,1790848629,67701204,1790848629,68060230,13460918591481,13460918949724,0.358243
475,1790848629,117787609,1790848629,118794871,13460968678636,13460969684547,1.005911
476,1790848629,167736127,1790848629,167906504,13461018626044,13461018795526,0.169482
477,1790848629,217825857,1790848629,218731371,13461068717288,13461069620878,0.903590
478,1790848629,267975027,1790848629,268663344,13461118865426,13461119552906,0.687480
479,1790848629,317836654,1790848629,779234855,13461168726792,13461630124402,461.397610
480,1790848629,367987405,1790848629,779446654,13461218878039,13461630335621,411.457582
481,1790848629,418072915,1790848629,779493115,13461268963170,13461630382047,361.418877
482,1790848629,467919509,1790848629,779581221,13461318809395,13461630470196,311.660801
483,1790848629,518155679,1790848629,779619505,13461369046181,13461630508472,261.462291
484,1790848629,568008963,1790848629,779655786,13461418899156,13461630544727,211.645571
485,1790848629,618442538,1790848629,779712002,13461469333112,13461630600950,161.267838
486,1790848629,668194032,1790848629,779746955,13461519085051,13461630635895,111.550844
487,1790848629,718012374,1790848629,779783106,13461568901832,13461630672048,61.770216
488,1790848629,768005206,1790848629,779873337,13461618894956,13461630762327,11.867371
489,1790848629,818145825,1790848629,818642068,13461669036218,13461669531492,0.495274
490,1790848629,868112416,1790848629,868421586,13461719002983,13461719310837,0.307854
491,1790848629,918183182,1790848629,918739130,13461769074243,13461769628641,0.554398
492,1790848629,968224582,1790848629,968436476,13461819114115,13461819325533,0.211418
493,1790848630,18115463,1790848630,18257455,13461869004931,13461869146537,0.141606
494,1790848630,68271122,1790848630,68819420,13461919162172,13461919709086,0.546914
495,1790848630,118218904,1790848630,280085328,13461969108526,13462130975034,161.866508
496,1790848630,168320252,1790848630,280482570,13462019209920,13462131371646,112.161726
497,1790848630,218311441,1790848630,280576446,13462069200955,13462131465462,62.264507
498,1790848630,268371809,1790848630,280741250,13462119262979,13462131630320,12.367341
499,1790848630,318383144,1790848630,318923397,13462169273669,13462169812879,0.539210
500,1790848630,368411947,1790848630,579980719,13462219302160,13462430870393,211.568233
501,1790848630,418495586,1790848630,580275720,13462269385896,13462431164729,161.778833
502,1790848630,468421623,1790848630,580337897,13462319311080,13462431226862,111.915782
503,1790848630,518642716,1790848630,580459996,13462369532617,13462431349014,61.816397
504,1790848630,568508718,1790848630,580513000,13462419399815,13462431401970,12.002155
505,1790848630,618554886,1790848630,619040935,13462469445557,13462469930849,0.485292
506,1790848630,668462418,1790848630,668582893,13462519351635,13462519471894,0.120259
507,1790848630,718566423,1790848630,719213691,13462569457066,13462570103109,0.646043
508,1790848630,768521116,1790848630,768748924,13462619410468,13462619637963,0.227495
509,1790848630,818546902,1790848630,818721806,13462669436441,13462669610838,0.174397
510,1790848630,868728338,1790848631,330167604,13462719618659,13463181056773,461.438114
511,1790848630,918785294,1790848631,330337103,13462769675569,13463181226034,411.550465
512,1790848630,968789791,1790848631,330382882,13462819680620,13463181271790,361.591170
513,1790848631,18840808,1790848631,330445491,13462869731521,13463181334423,311.602902
514,1790848631,68770400,1790848631,330475885,13462919662058,13463181364795,261.702737
515,1790848631,118758923,1790848631,330537685,13462969649771,13463181426618,211.776847
516,1790848631,168778151,1790848631,330568160,13463019668439,13463181457070,161.788631
517,1790848631,218828466,1790848631,330609269,13463069718963,13463181498145,111.779182
518,1790848631,268953244,1790848631,330623145,13463119843938,13463181512013,61.668075
519,1790848631,318889552,1790848631,330646765,13463169780213,13463181535643,11.755430
520,1790848631,368922161,1790848631,369510570,13463219813051,13463220399935,0.586884
521,1790848631,418925211,1790848631,419386058,13463269815535,13463270275435,0.459900
522,1790848631,469029131,1790848631,469659103,13463319919875,13463320548869,0.628994
523,1790848631,518987577,1790848631,519480580,13463369878004,13463370370084,0.492080
524,1790848631,568927070,1790848631,569179781,13463419816662,13463420068913,0.252251
525,1790848631,619013483,1790848631,619250644,13463469903226,13463470139644,0.236418
526,1790848631,669087285,1790848631,669289291,13463519976741,13463520178420,0.201679
527,1790848631,718991147,1790848631,719202671,13463569880829,13463570091669,0.210840
528,1790848631,769079291,1790848632,230167487,13463619969186,13464081056524,461.087338
529,1790848631,819079894,1790848632,230249244,13463669969657,13464081138120,411.168463
530,1790848631,869151219,1790848632,230262610,13463720040955,13464081151477,361.110522
531,1790848631,919234790,1790848632,230287872,13463770124505,13464081176748,311.052243
532,1790848631,969221097,1790848632,230298492,13463820111222,13464081187360,261.076138
533,1790848632,19135830,1790848632,230307873,13463870025250,13464081196741,211.171491
534,1790848632,69183653,1790848632,230317323,13463920073457,13464081206198,161.132741
535,1790848632,119275868,1790848632,230326536,13463970165826,13464081215403,111.049577
536,1790848632,169396029,1790848632,230335250,13464020286551,13464081224118,60.937567
537,1790848632,219346421,1790848632,230344793,13464070237011,13464081233660,10.996649
538,1790848632,269403447,1790848632,269545415,13464120293042,13464120434361,0.141319
539,1790848632,319553480,1790848632,320006119,13464170444453,13464170895596,0.451143
540,1790848632,369543569,1790848632,831372386,13464220434651,13464682261925,461.827274
541,1790848632,419491359,1790848632,831619903,13464270381995,13464682508891,412.126896
542,1790848632,469366337,1790848632,831676733,13464320255874,13464682565711,362.309837
543,1790848632,519444486,1790848632,831714633,13464370334459,13464682603581,312.269122
544,1790848632,569520314,1790848632,831815118,13464420410697,13464682704104,262.293407
545,1790848632,619590347,1790848632,831877842,13464470481400,13464682766903,212.285503
546,1790848632,669615282,1790848632,831919516,13464520506474,13464682808510,162.302036
547,1790848632,719558988,1790848632,831957501,13464570448900,13464682846450,112.397550
548,1790848632,769608156,1790848632,831991775,13464620498614,13464682880725,62.382111
549,1790848632,819767440,1790848632,832031409,13464670657963,13464682920361,12.262398
550,1790848632,869726872,1790848632,870338404,13464720617495,13464721228028,0.610533
553,1790848633,19690736,1790848633,481231001,13464870580833,13465332120071,461.539238
554,1790848633,69773511,1790848633,481332454,13464920664322,13465332221339,411.557017
555,1790848633,119810020,1790848633,481364934,13464970700925,13465332253820,361.552895
556,1790848633,169748162,1790848633,481400242,13465020637675,13465332289120,311.651445
557,1790848633,219781007,1790848633,481410644,13465070670871,13465332299511,261.628640
558,1790848633,269997484,1790848633,481419299,13465120887975,13465332308167,211.420192
559,1790848633,320160010,1790848633,481428450,13465171050793,13465332317318,161.266525
560,1790848633,370294177,1790848633,481437260,13465221184570,13465332326128,111.141558
561,1790848633,420265109,1790848633,481456145,13465271154711,13465332345021,61.190310
562,1790848633,470425981,1790848633,481466889,13465321315476,13465332355757,11.040281
563,1790848633,520577407,1790848633,520851419,13465371467356,13465371740545,0.273189
564,1790848633,570779429,1790848633,571028060,13465421668894,13465421917424,0.248530
565,1790848633,620950318,1790848634,33818555,13465471840303,13465884708033,412.867730
566,1790848633,671062792,1790848634,34100361,13465521952634,13465884989376,363.036742
567,1790848633,721202855,1790848634,34146465,13465572092448,13465885035399,312.942951
568,1790848633,771356690,1790848634,34179447,13465622247682,13465885068385,262.820703
569,1790848633,821558919,1790848634,34212193,13465672449435,13465885101130,212.651695
570,1790848633,871549993,1790848634,34244889,13465722439928,13465885133821,162.693893
571,1790848633,921805470,1790848634,34334881,13465772695730,13465885223877,112.528147
572,1790848633,971782433,1790848634,34375317,13465822672822,13465885264252,62.591430
573,1790848634,22166152,1790848634,34436879,13465873056182,13465885325814,12.269632
574,1790848634,71990486,1790848634,72143183,13465922879882,13465923032197,0.152315
575,1790848634,122266607,1790848634,122517060,13465973156318,13465973406314,0.249996
576,1790848634,172352687,1790848634,172537650,13466023242468,13466023426640,0.184172
577,1790848634,222650552,1790848634,584683132,13466073540149,13466435572458,362.032309
578,1790848634,272717679,1790848634,584912543,13466123608072,13466435801510,312.193438
579,1790848634,322850779,1790848634,584953214,13466173741558,13466435842148,262.100590
580,1790848634,372909009,1790848634,585006181,13466223798488,13466435895113,212.096625
581,1790848634,423030864,1790848634,585040513,13466273920712,13466435929445,162.008733
582,1790848634,473170695,1790848634,585072498,13466324060916,13466435961434,111.900518
583,1790848634,523538566,1790848634,585101945,13466374429128,13466435990881,61.561753
584,1790848634,573391692,1790848634,585195280,13466424281759,13466436084248,11.802489
585,1790848634,623700763,1790848634,624305228,13466474591555,13466475195075,0.603520
586,1790848634,673979735,1790848634,674812861,13466524870578,13466525702825,0.832247
587,1790848634,724142612,1790848634,724776413,13466575033059,13466575665802,0.632743
588,1790848634,774113125,1790848634,774663781,13466625003659,13466625553170,0.549511
589,1790848634,824445654,1790848634,825042742,13466675336147,13466675932469,0.596322
590,1790848634,874221634,1790848634,874430415,13466725111071,13466725319422,0.208351
591,1790848634,924389085,1790848634,924568211,13466775278644,13466775457259,0.178615
592,1790848634,974441059,1790848634,974623849,13466825330566,13466825512984,0.182418
593,1790848635,24877239,1790848635,25046076,13466875766656,13466875935184,0.168528
