run_id,qos_reliability,depth,network_condition,raw_csv,subscriber_log,publisher_log,tc_log,analysis_log,status
baseline_reliable_depth10_20261001_175114,reliable,10,normal,baseline_reliable_depth10_20261001_175114.csv,logs/baseline_reliable_depth10_20261001_175114.sub.log,logs/baseline_reliable_depth10_20261001_175114.pub.log,logs/baseline_reliable_depth10_20261001_175114.tc.log,analysis/baseline_reliable_depth10_20261001_175114.txt,valid
baseline_best_effort_depth10_20261001_175114,best_effort,10,normal,baseline_best_effort_depth10_20261001_175114.csv,logs/baseline_best_effort_depth10_20261001_175114.sub.log,logs/baseline_best_effort_depth10_20261001_175114.pub.log,logs/baseline_best_effort_depth10_20261001_175114.tc.log,analysis/baseline_best_effort_depth10_20261001_175114.txt,valid
delay20_reliable_depth10_20261001_175114,reliable,10,delay20,delay20_reliable_depth10_20261001_175114.csv,logs/delay20_reliable_depth10_20261001_175114.sub.log,logs/delay20_reliable_depth10_20261001_175114.pub.log,logs/delay20_reliable_depth10_20261001_175114.tc.log,analysis/delay20_reliable_depth10_20261001_175114.txt,valid
delay50_reliable_depth10_20261001_175114,reliable,10,delay50,delay50_reliable_depth10_20261001_175114.csv,logs/delay50_reliable_depth10_20261001_175114.sub.log,logs/delay50_reliable_depth10_20261001_175114.pub.log,logs/delay50_reliable_depth10_20261001_175114.tc.log,analysis/delay50_reliable_depth10_20261001_175114.txt,valid
delay100_reliable_depth10_20261001_175114,reliable,10,delay100,delay100_reliable_depth10_20261001_175114.csv,logs/delay100_reliable_depth10_20261001_175114.sub.log,logs/delay100_reliable_depth10_20261001_175114.pub.log,logs/delay100_reliable_depth10_20261001_175114.tc.log,analysis/delay100_reliable_depth10_20261001_175114.txt,valid
delay200_reliable_depth10_20261001_175114,reliable,10,delay200,delay200_reliable_depth10_20261001_175114.csv,logs/delay200_reliable_depth10_20261001_175114.sub.log,logs/delay200_reliable_depth10_20261001_175114.pub.log,logs/delay200_reliable_depth10_20261001_175114.tc.log,analysis/delay200_reliable_depth10_20261001_175114.txt,valid
delay500_reliable_depth10_20261001_175114,reliable,10,delay500,delay500_reliable_depth10_20261001_175114.csv,logs/delay500_reliable_depth10_20261001_175114.sub.log,logs/delay500_reliable_depth10_20261001_175114.pub.log,logs/delay500_reliable_depth10_20261001_175114.tc.log,analysis/delay500_reliable_depth10_20261001_175114.txt,valid
loss1_reliable_depth10_20261001_175114,reliable,10,loss1,loss1_reliable_depth10_20261001_175114.csv,logs/loss1_reliable_depth10_20261001_175114.sub.log,logs/loss1_reliable_depth10_20261001_175114.pub.log,logs/loss1_reliable_depth10_20261001_175114.tc.log,analysis/loss1_reliable_depth10_20261001_175114.txt,valid
loss5_reliable_depth10_20261001_175114,reliable,10,loss5,loss5_reliable_depth10_20261001_175114.csv,logs/loss5_reliable_depth10_20261001_175114.sub.log,logs/loss5_reliable_depth10_20261001_175114.pub.log,logs/loss5_reliable_depth10_20261001_175114.tc.log,analysis/loss5_reliable_depth10_20261001_175114.txt,valid
loss10_reliable_depth10_20261001_175114,reliable,10,loss10,loss10_reliable_depth10_20261001_175114.csv,logs/loss10_reliable_depth10_20261001_175114.sub.log,logs/loss10_reliable_depth10_20261001_175114.pub.log,logs/loss10_reliable_depth10_20261001_175114.tc.log,analysis/loss10_reliable_depth10_20261001_175114.txt,valid
loss20_reliable_depth10_20261001_175114,reliable,10,loss20,loss20_reliable_depth10_20261001_175114.csv,logs/loss20_reliable_depth10_20261001_175114.sub.log,logs/loss20_reliable_depth10_20261001_175114.pub.log,logs/loss20_reliable_depth10_20261001_175114.tc.log,analysis/loss20_reliable_depth10_20261001_175114.txt,valid
loss10_best_effort_depth10_20261001_175114,best_effort,10,loss10,loss10_best_effort_depth10_20261001_175114.csv,logs/loss10_best_effort_depth10_20261001_175114.sub.log,logs/loss10_best_effort_depth10_20261001_175114.pub.log,logs/loss10_best_effort_depth10_20261001_175114.tc.log,analysis/loss10_best_effort_depth10_20261001_175114.txt,valid
delay100_best_effort_depth10_20261001_175114,best_effort,10,delay100,delay100_best_effort_depth10_20261001_175114.csv,logs/delay100_best_effort_depth10_20261001_175114.sub.log,logs/delay100_best_effort_depth10_20261001_175114.pub.log,logs/delay100_best_effort_depth10_20261001_175114.tc.log,analysis/delay100_best_effort_depth10_20261001_175114.txt,valid
delay100_loss10_reliable_depth10_20261001_175114,reliable,10,delay100_loss10,delay100_loss10_reliable_depth10_20261001_175114.csv,logs/delay100_loss10_reliable_depth10_20261001_175114.sub.log,logs/delay100_loss10_reliable_depth10_20261001_175114.pub.log,logs/delay100_loss10_reliable_depth10_20261001_175114.tc.log,analysis/delay100_loss10_reliable_depth10_20261001_175114.txt,valid
delay100_loss10_best_effort_depth10_20261001_175114,best_effort,10,delay100_loss10,delay100_loss10_best_effort_depth10_20261001_175114.csv,logs/delay100_loss10_best_effort_depth10_20261001_175114.sub.log,logs/delay100_loss10_best_effort_depth10_20261001_175114.pub.log,logs/delay100_loss10_best_effort_depth10_20261001_175114.tc.log,analysis/delay100_loss10_best_effort_depth10_20261001_175114.txt,valid
outage_reliable_depth1_20261001_175114,reliable,1,outage_loss100_10s_recovery,outage_reliable_depth1_20261001_175114.csv,logs/outage_reliable_depth1_20261001_175114.sub.log,logs/outage_reliable_depth1_20261001_175114.pub.log,logs/outage_reliable_depth1_20261001_175114.tc.log,analysis/outage_reliable_depth1_20261001_175114.txt,valid
outage_reliable_depth5_20261001_175114,reliable,5,outage_loss100_10s_recovery,outage_reliable_depth5_20261001_175114.csv,logs/outage_reliable_depth5_20261001_175114.sub.log,logs/outage_reliable_depth5_20261001_175114.pub.log,logs/outage_reliable_depth5_20261001_175114.tc.log,analysis/outage_reliable_depth5_20261001_175114.txt,valid
outage_reliable_depth10_20261001_175114,reliable,10,outage_loss100_10s_recovery,outage_reliable_depth10_20261001_175114.csv,logs/outage_reliable_depth10_20261001_175114.sub.log,logs/outage_reliable_depth10_20261001_175114.pub.log,logs/outage_reliable_depth10_20261001_175114.tc.log,analysis/outage_reliable_depth10_20261001_175114.txt,valid
