run_id,qos_reliability,depth,network_condition,received,inferred_lost,avg_latency_ms,p95_latency_ms,min_latency_ms,max_latency_ms,latency_jitter_stddev_ms,duration_s,receive_rate_hz
baseline_reliable_depth10_20261001_175114,reliable,10,normal,595,0,0.344465,0.641204,0.109359,0.793500,0.164603,29.700850,19.999427
baseline_best_effort_depth10_20261001_175114,best_effort,10,normal,595,0,0.590785,1.329365,0.103270,1.793398,0.324346,29.690498,20.006401
delay20_reliable_depth10_20261001_175114,reliable,10,delay20,595,0,20.659545,21.032896,20.121624,22.026278,0.219323,29.695893,20.002766
delay50_reliable_depth10_20261001_175114,reliable,10,delay50,594,0,50.570796,50.853395,50.146701,51.503064,0.164718,29.636478,20.009125
delay100_reliable_depth10_20261001_175114,reliable,10,delay100,592,0,100.621108,100.934651,100.177984,101.631701,0.178672,29.549672,20.000222
delay200_reliable_depth10_20261001_175114,reliable,10,delay200,582,0,200.628349,201.070726,200.157101,201.459187,0.236740,29.041551,20.005818
delay500_reliable_depth10_20261001_175114,reliable,10,delay500,569,0,500.720174,501.181590,500.183978,502.058820,0.268685,28.393743,20.004407
loss1_reliable_depth10_20261001_175114,reliable,10,loss1,594,0,11.163138,13.185016,0.095011,412.688112,52.805923,29.654085,19.997245
loss5_reliable_depth10_20261001_175114,reliable,10,loss5,595,0,29.872771,211.883490,0.135531,462.004286,81.402608,29.687677,20.008302
loss10_reliable_depth10_20261001_175114,reliable,10,loss10,584,1,56.042837,312.033793,0.123316,461.902171,106.252723,28.737010,20.287428
loss20_reliable_depth10_20261001_175114,reliable,10,loss20,577,7,141.972833,413.073495,0.120259,463.361777,146.389325,28.749132,20.035388
loss10_best_effort_depth10_20261001_175114,best_effort,10,loss10,530,65,0.309452,0.611211,0.128979,1.131687,0.158149,29.690178,17.817340
delay100_best_effort_depth10_20261001_175114,best_effort,10,delay100,593,0,100.282718,100.546686,100.128000,100.981776,0.127364,29.535596,20.043611
delay100_loss10_reliable_depth10_20261001_175114,reliable,10,delay100_loss10,582,7,179.274727,463.232409,100.164203,582.519131,127.689593,28.995710,20.037447
delay100_loss10_best_effort_depth10_20261001_175114,best_effort,10,delay100_loss10,521,67,100.561750,101.115984,100.146565,104.513478,0.327969,29.329624,17.729515
outage_reliable_depth1_20261001_175114,reliable,1,outage_loss100_10s_recovery,395,201,0.477047,0.810567,0.134791,0.976579,0.196011,29.734680,13.250521
outage_reliable_depth5_20261001_175114,reliable,5,outage_loss100_10s_recovery,399,196,1.964266,1.285915,0.125919,210.188618,14.557111,29.706669,13.397665
outage_reliable_depth10_20261001_175114,reliable,10,outage_loss100_10s_recovery,405,191,6.257163,0.825934,0.129801,458.647442,42.760557,29.742094,13.583442
